wkt_geom,STD_YM,BLOCK_CD,X_COORD,Y_COORD,MAN_10G,MAN_20G,MAN_30G,MAN_40G,MAN_50G,MAN_60GU,WMAN_10G,WMAN_20G,WMAN_30G,WMAN_40G,WMAN_50G,WMAN_60GU,a10s,a20s,a30s,a40s,a50s,a60
Point (192807.73384278904995881 449877.26235487213125452),201309,1.11E+18,948643.875,1950053,18.11,181.7,150.39,78.62,43.16,22.93,24.34,180.38,95.07,49.34,34.41,19.83,42.45,362.08,245.46,127.96,77.57,42.76
Point (193053.26893533917609602 449876.56746206246316433),201309,1.11E+18,948889.3125,1950051,5.17,31.9,30.57,22.43,13.47,5.96,6.16,31.72,23.32,13.92,9.24,5.54,11.33,63.62,53.89,36.35,22.71,11.5
Point (192856.96533189609181136 449825.5043020625016652),201309,1.11E+18,948692.8125,1950001,8.96,56.2,72.79,50.24,32.11,16.88,10.36,62.37,52.75,31.87,22.85,14.29,19.32,118.57,125.54,82.11,54.96,31.17
Point (193102.25034886016510427 449824.8080652299686335),201309,1.11E+18,948938,1949999,21.45,175.05,170.01,97.47,54.31,28.52,26.23,183.05,110.32,61.27,42.49,24.79,47.68,358.1,280.33,158.74,96.8,53.31
Point (192857.00660582148702815 449876.52402841701405123),201309,1.11E+18,948693.125,1950052,48.64,200.18,196.62,141.62,93.15,56.54,49.87,199.57,141.79,113.17,87.67,52.46,98.51,399.75,338.41,254.79,180.82,109
Point (193102.34882471841410734 449876.82849218131741509),201309,1.11E+18,948938.375,1950051,13.4,128.28,101.27,48.58,25.98,15.16,16.37,127.42,58.32,29.39,20.78,11.9,29.77,255.7,159.59,77.97,46.76,27.06
Point (192905.98268864469719119 449825.76499694352969527),201309,1.11E+18,948741.8125,1950001,19.25,158.71,154.65,88.41,49.25,25.96,23.88,166.46,100.31,55.6,38.53,22.63,43.13,325.17,254.96,144.01,87.78,48.59
Point (193102.39009589416673407 449927.84823217714438215),201309,1.11E+18,948938.6875,1950102,5.3,32.64,31.26,22.97,13.77,6.08,6.29,32.42,23.87,14.24,9.44,5.69,11.59,65.06,55.13,37.21,23.21,11.77
Point (192759.05720965200453065 450236.14074486441677436),201309,1.11E+18,948597.125,1950412,0.36,1.19,4.47,7.61,10.19,9.01,0.23,0.74,3.03,3.31,4.3,4.21,0.59,1.93,7.5,10.92,14.49,13.22
Point (192808.03330727011780255 450185.38173787528648973),201309,1.11E+18,948645.8125,1950361,0.08,0.48,2.21,4.23,6.73,5.38,0.1,0.31,1.34,1.62,2.72,2.72,0.18,0.79,3.55,5.85,9.45,8.1
Point (193151.39276300711208023 449825.06942510313820094),201309,1.11E+18,948987.125,1949999,32.23,251.38,224.58,133.93,76.63,39.7,40.45,249.54,152.14,87.68,61.27,35.77,72.68,500.92,376.72,221.61,137.9,75.47
Point (192759.03061781404539943 450288.16048747941385955),201309,1.11E+18,948597.375,1950464,3.58,25.23,51.19,41.45,29.35,17.56,4.24,30.65,37.99,23.22,17.51,11.43,7.82,55.88,89.18,64.67,46.86,28.99
Point (192857.13976957273553126 450133.62303636269643903),201309,1.11E+18,948694.625,1950309,15.69,96.68,119.22,82.87,51.1,28.15,19.58,109.95,89.08,58.01,41.67,23.11,35.27,206.63,208.3,140.88,92.77,51.26
Point (192464.28262525837635621 450031.4953190847299993),201309,1.11E+18,948301.375,1950209,136.57,682.63,527.8,337.41,250.58,171.7,207.83,1012.98,539.69,332.49,264.21,152.18,344.4,1695.61,1067.49,669.9,514.79,323.88
Point (193151.37151491519762203 449876.08883527683792636),201309,1.11E+18,948987.375,1950050,10.66,100.66,65.77,40.04,23.6,9.98,14.45,89.6,47.27,24.51,16.4,9.24,25.11,190.26,113.04,64.55,40,19.22
Point (193151.53251005045603961 449928.10959755734074861),201309,1.11E+18,948987.8125,1950102,11.48,114.74,91.03,42.11,18.72,9.93,15.07,116.43,52.69,26.18,17.27,9.15,26.55,231.17,143.72,68.29,35.99,19.08
Point (192808.07456120147253387 450236.40146165434271097),201309,1.11E+18,948646.125,1950412,3.35,23.35,47.46,37.14,24.7,14.25,4.11,29.09,35.57,21.47,15.76,10.16,7.46,52.44,83.03,58.61,40.46,24.41
Point (192513.42500530279357918 450031.75669004145311192),201309,1.11E+18,948350.5,1950209,11.2,51.87,102.99,82.84,58.35,36.36,12.81,68.39,78.7,59.46,45.1,26.68,24.01,120.26,181.69,142.3,103.45,63.04
Point (193151.5737783974618651 449979.12934030330507085),201309,1.11E+18,948988.125,1950153,4.71,65.17,31.59,14.83,8.51,3.43,7.73,54.47,21.34,8.98,6,3.18,12.44,119.64,52.93,23.81,14.51,6.61
Point (192808.17833443626295775 450287.42151800554711372),201309,1.11E+18,948646.5,1950463,13.58,102.22,107.92,71.32,46.56,26.35,16.21,106.04,76.25,41.44,30.69,19.28,29.79,208.26,184.17,112.76,77.25,45.63
Point (192513.46626764684333466 450082.77639740606537089),201309,1.11E+18,948350.8125,1950260,16.53,81.75,123.22,89.42,59.07,36.25,22,110.71,95.54,67.02,48.66,28.22,38.53,192.46,218.76,156.44,107.73,64.47
Point (192857.11850425825105049 450184.64243030321085826),201309,1.11E+18,948694.875,1950360,0.38,0.96,4.94,8.99,13.26,11.48,0.26,0.76,3.36,3.91,5.78,5.77,0.64,1.72,8.3,12.9,19.04,17.25
Point (192857.2794817753310781 450236.66317609196994454),201309,1.11E+18,948695.3125,1950412,25.04,217.33,202.48,118.05,68.13,37.97,32.44,226.08,132.54,70.26,49.87,29.65,57.48,443.41,335.02,188.31,118,67.62
Point (192562.48892667092150077 450082.036752155108843),201309,1.11E+18,948399.8125,1950259,1.08,4.02,10.83,13.67,16.35,12.99,0.91,5.2,7.96,7.14,8.05,6.85,1.99,9.22,18.79,20.81,24.4,19.84
Point (192906.15712634741794318 450133.8837476791231893),201309,1.11E+18,948743.625,1950309,29.7,237.72,218.6,119.93,60.75,31.18,36.75,248.08,143.42,81.07,54.7,28.51,66.45,485.8,362.02,201,115.45,59.69
Point (192906.26090531665249728 450184.9038094257703051),201309,1.11E+18,948744,1950360,16.5,155.78,154.13,84.83,42.45,20.73,21.46,164.24,97.92,51.47,34.07,18.41,37.96,320.02,252.05,136.3,76.52,39.14
Point (192955.3673728046414908 450133.1451023262925446),201309,1.11E+18,948792.8125,1950308,45.4,367.88,251.41,129.9,69.6,32.22,61.67,359.85,160,86.14,57.97,30.58,107.07,727.73,411.41,216.04,127.57,62.8
Point (192513.32653848457266577 449979.73629634990356863),201309,1.11E+18,948350.125,1950157,16.5,89.02,160.43,115.32,75.48,45.07,18.74,113.84,117.82,80.82,59.64,35.49,35.24,202.86,278.25,196.14,135.12,80.56
Point (192562.4476642710797023 450031.01704207004513592),201309,1.11E+18,948399.5,1950208,0.11,0.52,2.48,4.77,7.63,6.1,0.11,0.35,1.53,1.85,3.08,3.06,0.22,0.87,4.01,6.62,10.71,9.16
Point (192611.5900495644309558 450031.27841299364808947),201309,1.11E+18,948448.625,1950208,0.7,2.22,5.12,6.64,8.25,6.17,0.63,2.49,4.19,3.34,4.09,3.15,1.33,4.71,9.31,9.98,12.34,9.32
Point (192611.5687898512405809 450082.29779327160213143),201309,1.11E+18,948448.875,1950259,0.69,3.24,7.44,8.17,9,6.31,0.67,4.38,5.46,4.45,4.56,3.43,1.36,7.62,12.9,12.62,13.56,9.74
Point (192611.72977303256629966 450134.31852510810131207),201309,1.11E+18,948449.3125,1950311,0.94,3.64,9.75,12.32,14.78,11.73,0.8,4.69,7.18,6.48,7.27,6.09,1.74,8.33,16.93,18.8,22.05,17.82
Point (192611.77102972238208167 450185.33823797211516649),201309,1.11E+18,948449.625,1950362,11,60.2,119.36,94.2,64.23,37.88,13.04,76.54,90.05,62.17,46.17,27.57,24.04,136.74,209.41,156.37,110.4,65.45
Point (192660.57144846086157486 449979.51904937234940007),201309,1.11E+18,948497.3125,1950156,9.53,59.64,77.33,53.31,34.07,17.95,11.03,66.2,56.03,33.86,24.26,15.18,20.56,125.84,133.36,87.17,58.33,33.13
Point (192660.60739323787856847 450031.53911886259447783),201309,1.11E+18,948497.625,1950208,4.67,29.44,49.2,32.53,21.65,12.59,5.16,36.45,34.39,20.99,15.79,10.13,9.83,65.89,83.59,53.52,37.44,22.72
Point (193200.77214045627624728 450133.4499670016230084),201309,1.11E+18,949038.125,1950307,66.13,537.44,348.57,186.14,100.78,47.17,95.32,527.94,228.25,124.87,82.89,44.73,161.45,1065.38,576.82,311.01,183.67,91.9
Point (192660.58613352788961492 450082.55850186082534492),201309,1.11E+18,948497.875,1950259,1.59,7.2,15.66,14.72,12.92,8.5,1.79,9.4,12.02,9.41,8.16,5.41,3.38,16.6,27.68,24.13,21.08,13.91
Point (192660.75243735857657157 450133.57888249598909169),201309,1.11E+18,948498.3125,1950310,0.34,0.86,4.49,8.15,12.03,10.45,0.24,0.67,3.03,3.54,5.28,5.22,0.58,1.53,7.52,11.69,17.31,15.67
Point (192709.85356832691468298 450082.82054061064263806),201309,1.11E+18,948547.125,1950259,4.7,30.1,50.47,33.49,22.18,12.52,5.19,37.18,35.36,21.39,15.92,10.09,9.89,67.28,85.83,54.88,38.1,22.61
Point (192709.83230578803340904 450133.83992635831236839),201309,1.11E+18,948547.375,1950310,9.58,31.65,63.5,55.7,40.69,24.97,9.97,37.87,52.07,39.88,30.57,19.83,19.55,69.52,115.57,95.58,71.26,44.8
Point (192660.5301803287002258 449928.49933387979399413),201309,1.11E+18,948497,1950105,4.98,31.6,49.77,33.03,21.83,12.48,5.34,37.93,34.74,21.1,15.93,10.03,10.32,69.53,84.51,54.13,37.76,22.51
Point (192906.0386593361326959 449979.82420595124131069),201309,1.11E+18,948742.6875,1950155,29.58,242.75,152.54,75.25,42.09,22.5,42.59,238.91,93.22,50.24,35.25,19.62,72.17,481.66,245.76,125.49,77.34,42.12
Point (192709.67257086414610967 449928.76069931918755174),201309,1.11E+18,948546.125,1950105,9.64,59.38,78.18,56.35,38.2,21.7,10.79,65.9,56.79,35.34,26.25,16.69,20.43,125.28,134.97,91.69,64.45,38.39
Point (192906.07992472010664642 450030.8439350895350799),201309,1.11E+18,948743,1950206,40.28,325.92,211.57,105.03,57.23,29.63,55.58,320.02,132.47,68.72,47.69,26.34,95.86,645.94,344.04,173.75,104.92,55.97
Point (192709.81762643440742977 450030.80046831018989906),201309,1.11E+18,948546.8125,1950207,16.35,89.87,105.55,71.76,43.82,24.05,18.88,98.9,78.81,50.45,37.62,22.56,35.23,188.77,184.36,122.21,81.44,46.61
Point (192758.88280656692222692 449928.02204321010503918),201309,1.11E+18,948595.3125,1950104,15.58,137.11,129.28,67.29,36.18,19.89,18.64,142.65,79.67,42.56,29.69,17.09,34.22,279.76,208.95,109.85,65.87,36.98
Point (192955.10384409333346412 449877.04575615894282237),201309,1.11E+18,948791.1875,1950052,19.74,162.3,158.26,90.46,50.41,26.58,24.42,170.32,102.6,56.89,39.44,23.18,44.16,332.62,260.86,147.35,89.85,49.76
Point (192955.14511519967345521 449928.06548797804862261),201309,1.11E+18,948791.5,1950103,18.26,148.38,160.52,97.62,47.94,26.03,22.9,159.66,96.79,53.51,37.86,22.69,41.16,308.04,257.31,151.13,85.8,48.72
Point (192758.89749747660243884 450031.06150668248301372),201309,1.11E+18,948595.875,1950207,5.98,40.91,52.53,31.62,20.23,11.45,6.01,44.94,35.16,20.37,15,9.25,11.99,85.85,87.69,51.99,35.23,20.7
Point (192955.18638347007799894 449979.08521982253296301),201309,1.11E+18,948791.8125,1950154,2.41,18.59,12.59,4.69,2.13,0.87,1.92,16.32,6.94,3.02,1.92,0.84,4.33,34.91,19.53,7.71,4.05,1.71
Point (192758.93875995435519144 450082.08122767368331552),201309,1.11E+18,948596.1875,1950258,2.7,20.2,40.69,31.88,21.87,12.03,3.5,25.02,30.26,18.11,13.48,8.54,6.2,45.22,70.95,49.99,35.35,20.57
Point (192955.22232838740455918 450031.10530598717741668),201309,1.11E+18,948792.125,1950206,14.04,134.51,104.46,47.1,20.93,10.84,17.11,133.81,60.06,29.39,19.32,10.03,31.15,268.32,164.52,76.49,40.25,20.87
Point (192807.9001580911281053 449928.28274356265319511),201309,1.11E+18,948644.3125,1950104,8.16,80.92,72.1,44.83,31.23,18.51,11.11,78.22,49.95,27.9,21.39,13.99,19.27,159.14,122.05,72.73,52.62,32.5
Point (192955.20106879773084074 450082.12470533774467185),201309,1.11E+18,948792.375,1950257,19.37,177.76,137.83,67.46,31.62,16.1,25.68,180.02,85.35,41.65,27.76,14.94,45.05,357.78,223.18,109.11,59.38,31.04
Point (192807.94142629427369684 449979.30246723687741905),201309,1.11E+18,948644.625,1950155,0.15,0.71,3.6,6.56,9.68,8.43,0.17,0.57,2.42,2.84,4.21,4.17,0.32,1.28,6.02,9.4,13.89,12.6
Point (193004.16247719139209948 449928.32618832745356485),201309,1.11E+18,948840.5,1950103,30.81,252.25,152.86,72.41,37.1,17.74,43.92,246.52,93.45,49.62,33.46,17.51,74.73,498.77,246.31,122.03,70.56,35.25
Point (192807.91484900892828591 450031.32221253146417439),201309,1.11E+18,948644.875,1950207,4.12,26.36,44.01,29.09,19.4,11.23,4.59,32.63,30.81,18.77,14.13,9.04,8.71,58.99,74.82,47.86,33.53,20.27
Point (193004.24501091413549148 450030.36565747822169214),201309,1.11E+18,948841.125,1950205,13.5,129.4,100.47,45.31,20.18,10.44,16.46,128.68,57.77,28.29,18.6,9.65,29.96,258.08,158.24,73.6,38.78,20.09
Point (192857.02130257675889879 449979.56350285169901326),201309,1.11E+18,948693.6875,1950155,33.95,270.35,193.43,100.36,56.19,28.9,47.05,271.44,122.34,67.47,47.12,26.33,81,541.79,315.77,167.83,103.31,55.23
Point (193053.28363223053747788 449979.60695850115735084),201309,1.11E+18,948889.875,1950154,4.23,58,28.12,13.2,7.58,3.05,6.9,48.51,19.01,7.98,5.33,2.85,11.13,106.51,47.13,21.18,12.91,5.9
Point (193053.44994198123458773 450030.62736087926896289),201309,1.11E+18,948890.3125,1950205,6.66,77.64,41.15,18.1,9.81,3.95,8.94,65.65,26.28,11.11,7.31,3.75,15.6,143.29,67.43,29.21,17.12,7.7
Point (193053.49120459886034951 450081.6470982211176306),201309,1.11E+18,948890.625,1950256,23.91,199.51,151.57,82.62,45.42,23.79,31.75,191.13,97.67,56.52,39.82,22.82,55.66,390.64,249.24,139.14,85.24,46.61
Point (193053.46462160081136972 450133.66685744602000341),201309,1.11E+18,948890.875,1950308,13.28,132.87,105.43,48.76,21.67,11.51,17.46,134.82,61,30.32,20,10.61,30.74,267.69,166.43,79.08,41.67,22.12
Point (193102.46730922078131698 450030.88806669268524274),201309,1.11E+18,948939.3125,1950205,4.6,63.27,30.68,14.41,8.27,3.33,7.52,52.93,20.73,8.71,5.82,3.12,12.12,116.2,51.41,23.12,14.09,6.45
Point (193102.50857184239430353 450081.90780675481073558),201309,1.11E+18,948939.625,1950256,11.85,111.94,73.2,44.53,26.24,11.15,16.1,99.7,52.61,27.25,18.21,10.31,27.95,211.64,125.81,71.78,44.45,21.46
Point (193102.48198884419980459 450133.92756875662598759),201309,1.11E+18,948939.875,1950308,13.73,137.47,109.06,50.46,22.43,11.89,18.07,139.5,63.14,31.35,20.71,10.94,31.8,276.97,172.2,81.81,43.14,22.83
Point (193151.71350817440543324 450082.16951290844008327),201309,1.11E+18,948988.8125,1950256,5.67,36.02,58.59,35.69,19.36,9.58,6.29,44.93,41.19,24.22,16.59,9.52,11.96,80.95,99.78,59.91,35.95,19.1
Point (193151.75476796747534536 450133.18925572431180626),201309,1.11E+18,948989.125,1950307,45.1,368.93,217.03,103.25,54.46,25.56,63.34,355.91,133.57,71.33,48.32,25.27,108.44,724.84,350.6,174.58,102.78,50.83
Point (193200.73088065735646524 450082.43022146576549858),201309,1.11E+18,949037.8125,1950256,16.66,154.3,92.39,54.98,33.61,14.08,22.22,135.17,66.24,34.78,23.38,13.28,38.88,289.47,158.63,89.76,56.99,27.36
Point (192562.40639903178089298 449979.9973320048302412),201309,1.11E+18,948399.1875,1950157,16.15,85.01,155.19,112.78,73.4,43.09,18.24,109.37,114.86,79.5,58.45,34.28,34.39,194.38,270.05,192.28,131.85,77.37
Point (192562.52486560810939409 450134.05681613605702296),201309,1.11E+18,948400.125,1950311,3.47,24.19,50.34,41.91,31.83,19.83,4.27,29.81,37.41,23.42,18.75,12.99,7.74,54,87.75,65.33,50.58,32.82
Point (192856.98003436834551394 449928.54377645690692589),201309,1.11E+18,948693.375,1950104,18.31,182.58,152.94,82.53,48.23,27.64,24.53,181.3,96.87,51.25,36.85,22.29,42.84,363.88,249.81,133.78,85.08,49.93
Point (192906.02396257949294522 449876.78472602047258988),201309,1.11E+18,948742.125,1950052,14.42,129.18,126.44,67.57,36.74,20.45,18.17,137.19,78.66,42.71,30,17.5,32.59,266.37,205.1,110.28,66.74,37.95
Point (192906.00271153761423193 449927.80412258795695379),201309,1.11E+18,948742.375,1950103,14.94,132.38,128.91,69.3,37.74,20.78,18.53,139.99,80.34,43.67,30.73,17.74,33.47,272.37,209.25,112.97,68.47,38.52
Point (193004.34347509505460039 450082.38607897720066831),201309,1.11E+18,948841.5,1950257,12.06,120.74,95.81,44.32,19.69,10.45,15.86,122.55,55.42,27.57,18.17,9.59,27.92,243.29,151.23,71.89,37.86,20.04
Point (193004.38473481961409561 450133.40581361169461161),201309,1.11E+18,948841.8125,1950308,16.24,154.47,151.18,82.69,41.12,20.38,21.33,162.57,95.71,50.32,33.36,18.13,37.57,317.04,246.89,133.01,74.48,38.51
Point (192709.65131687140092254 449979.78008500713622198),201309,1.11E+18,948546.375,1950156,4.03,25.28,43.6,30.93,22.97,15.06,4.46,31.23,30.55,19.41,15.53,10.72,8.49,56.51,74.15,50.34,38.5,25.78
Point (192758.91875429599895142 449980.0421182430582121),201309,1.11E+18,948595.625,1950156,4.78,28.71,49.7,34.24,22.51,12.68,5.42,36.09,35.69,22.83,16.97,10.33,10.2,64.8,85.39,57.07,39.48,23.01
Point (192857.06256795171066187 450030.58322927047265694),201309,1.11E+18,948694,1950206,0.05,0.42,1.94,3.72,5.92,4.73,0.09,0.25,1.17,1.45,2.39,2.38,0.14,0.67,3.11,5.17,8.31,7.11
Point (192660.78837341582402587 450185.59895205544307828),201309,1.11E+18,948498.625,1950362,3.6,25.21,52.34,44.66,35.25,22.31,4.29,30.37,38.59,24.35,19.76,13.78,7.89,55.58,90.93,69.01,55.01,36.09
Point (192660.76710515382001176 450236.61833511624718085),201309,1.11E+18,948498.875,1950413,3.32,23.53,48.23,39.4,28.25,17.29,4.07,28.66,35.82,22.14,16.82,11.22,7.39,52.19,84.05,61.54,45.07,28.51
Point (192709.87356254065525718 450184.85964466765290126),201309,1.11E+18,948547.6875,1950361,6.18,11.83,25.49,25.78,19.57,13.14,6.44,12.38,22.41,19.14,15.25,10.38,12.62,24.21,47.9,44.92,34.82,23.52
Point (192709.90949571548844688 450236.87971702730283141),201309,1.11E+18,948548,1950413,3.33,23.53,48.26,39.43,28.27,17.3,4.07,28.68,35.86,22.16,16.86,11.24,7.4,52.21,84.12,61.59,45.13,28.54
Point (192758.97469896901748143 450134.10130277287680656),201309,1.11E+18,948596.5,1950310,2.94,21.84,44,34.47,23.69,13.01,3.78,27.05,32.75,19.56,14.59,9.24,6.72,48.89,76.75,54.03,38.28,22.25
Point (192759.01595572475343943 450185.12102380802389234),201309,1.11E+18,948596.8125,1950361,0.47,0.8,4.57,9.05,13.69,11.74,0.39,0.66,3.03,3.9,5.7,5.23,0.86,1.46,7.6,12.95,19.39,16.97
Point (192807.95611149122123607 450082.34193624532781541),201309,1.11E+18,948645.1875,1950258,0.06,0.42,1.96,3.75,5.95,4.76,0.09,0.26,1.19,1.45,2.41,2.39,0.15,0.68,3.15,5.2,8.36,7.15
Point (192807.99737114255549386 450133.36165998037904501),201309,1.11E+18,948645.5,1950309,2.99,22.55,44.15,32.11,18.3,8.38,3.9,28.2,33.11,18.98,12.69,7.11,6.89,50.75,77.26,51.09,30.99,15.49
Point (192906.12118726834887639 450081.86366425122832879),201309,1.11E+18,948743.3125,1950257,19.17,175.84,136.32,66.73,31.25,15.94,25.38,178.1,84.44,41.21,27.43,14.81,44.55,353.94,220.76,107.94,58.68,30.75
Point (192611.5487843235314358 449980.25870020146248862),201309,1.11E+18,948448.3125,1950157,0.36,0.94,4.77,8.74,12.86,11.11,0.26,0.73,3.24,3.79,5.61,5.61,0.62,1.67,8.01,12.53,18.47,16.72
Point (193102.42604376529925503 449979.86832665168913081),201309,1.11E+18,948939,1950154,0.53,2.49,4.64,3.5,2.06,0.85,0.48,3.61,3.65,2.5,1.63,0.63,1.01,6.1,8.29,6,3.69,1.48
Point (192415.12555719481315464 449928.1945232076686807),201309,1.11E+18,948251.6875,1950106,16.73,88.48,161.33,117.08,76.54,45.47,19.02,113.25,119.08,82.47,60.92,36.16,35.75,201.73,280.41,199.55,137.46,81.63
Point (192415.16150478212512098 449980.21457878570072353),201309,1.11E+18,948252,1950158,0.41,1.32,6.53,11.88,17.5,15.13,0.34,1.06,4.44,5.17,7.66,7.65,0.75,2.38,10.97,17.05,25.16,22.78
Point (192464.14289038910646923 449928.45522358804009855),201309,1.11E+18,948300.6875,1950106,15.64,85.09,153.16,109.84,72.22,43.75,17.97,108.15,112.03,76.89,57.07,34.47,33.61,193.24,265.19,186.73,129.29,78.22
Point (192464.30920266633620486 449979.47559323743917048),201309,1.11E+18,948301.125,1950157,26.12,109.42,199.14,149.02,98.18,58.84,27.24,135.7,149.69,108.05,79.74,48.52,53.36,245.12,348.83,257.07,177.92,107.36
Point (192513.28527042051427998 449928.71658903383649886),201309,1.11E+18,948349.8125,1950106,16.45,88.16,158.6,111.76,69.03,38.37,18.88,113.03,117.09,79.96,57.43,32.62,35.33,201.19,275.69,191.72,126.46,70.99
Point (192562.37045137886889279 449927.97726809460436925),201309,1.11E+18,948398.875,1950105,6.52,38.26,66.07,47.35,34.82,22.41,6.98,47.17,46.69,29.92,24.03,16.22,13.5,85.43,112.76,77.27,58.85,38.63
Point (192611.40904358116677031 449877.21858823811635375),201309,1.11E+18,948447.625,1950054,4.59,29.05,48.53,32.1,21.38,12.4,5.07,35.96,33.95,20.71,15.58,9.97,9.66,65.01,82.48,52.81,36.96,22.37
Point (192611.3877924224070739 449928.2379684554762207),201309,1.11E+18,948447.875,1950105,5.06,31.85,53.2,35.19,23.45,13.62,5.58,39.46,37.2,22.71,17.12,10.92,10.64,71.31,90.4,57.9,40.57,24.54
Point (192660.48890936351381242 449877.47961841424694285),201309,1.11E+18,948496.6875,1950054,9.74,61.24,77.74,53.63,34.14,17.79,11.05,67.21,56.12,33.88,24.36,15.02,20.79,128.45,133.86,87.51,58.5,32.81
Point (192955.06789045978803188 449825.0256700596655719),201309,1.11E+18,948790.875,1950000,24.8,225.19,191.91,110.23,66.26,35.66,32.12,223.2,125.13,67.88,48.38,28.69,56.92,448.39,317.04,178.11,114.64,64.35
Point (192709.6366202506760601 449876.74062709289137274),201309,1.11E+18,948545.8125,1950053,9.81,36.93,61.1,46.96,32.26,19.32,10.59,43.28,46.06,34.78,27.27,17.35,20.4,80.21,107.16,81.74,59.53,36.67
Point (193004.08525244166958146 449825.28636491060024127),201309,1.11E+18,948839.875,1950000,25.39,183.64,208.1,139.2,79.44,40.15,29.98,192.8,135.97,83.77,59.09,33.65,55.37,376.44,344.07,222.97,138.53,73.8
Point (192758.71649127756245434 449877.00165723648387939),201309,1.11E+18,948594.875,1950053,6.21,42.53,54.61,32.87,21.01,11.9,6.2,46.7,36.51,21.2,15.66,9.66,12.41,89.23,91.12,54.07,36.67,21.56
Point (193004.12652643845649436 449876.30609943123999983),201309,1.11E+18,948840.1875,1950051,9.99,36.09,62.61,48.33,33.43,20.24,10.93,43.28,47.43,36.12,28.32,18.28,20.92,79.37,110.04,84.45,61.75,38.52
Point (192807.76041135744890198 449825.24260963377309963),201309,1.11E+18,948643.625,1950001,4,25.83,43.08,28.53,19.01,11.04,4.49,31.97,30.17,18.38,13.87,8.88,8.49,57.8,73.25,46.91,32.88,19.92
Point (193053.22766134116682224 449825.5477248125243932),201309,1.11E+18,948889,1950000,9.91,61.75,80.1,55.25,35.28,18.58,11.41,68.55,58.01,35.08,25.15,15.76,21.32,130.3,138.11,90.33,60.43,34.34
